v1,v2
true,97% of climate scientists agree that human activities contribute to climate change
false,Climate change is a hoax invented by scientists
true,Renewable energy sources like solar and wind power are viable alternatives to fossil fuels
false,The Earth's temperature hasn't increased in recent years
true,Rising global temperatures lead to more frequent and severe heatwaves
false,CO2 emissions have no impact on global temperatures
true,Melting polar ice caps contribute to rising sea levels
false,Climate models are unreliable and cannot predict future changes
true,Deforestation contributes significantly to greenhouse gas emissions
false,Natural climate cycles are solely responsible for current global warming
true,Reducing carbon emissions can mitigate the impacts of climate change
false,Human activities have no influence on the ozone layer
true,Climate change is causing shifts in ecosystems and threatening biodiversity
false,Climate change is just a result of the Earth's natural warming and cooling
true,"Extreme weather events, such as hurricanes and droughts, are exacerbated by climate change"
false,Sea levels are not rising significantly due to climate change
true,"Ocean acidification, caused by increased CO2 absorption, threatens marine life"
false,Climate change is a conspiracy invented for political reasons
true,"Human activities, such as burning fossil fuels and deforestation, are major contributors to climate change"
false,Greenhouse gas emissions do not trap heat in the atmosphere
true,97% of climate scientists agree on the urgent need to address climate change
false,"Climate change is a natural occurrence, not influenced by human actions"
true,Adopting sustainable practices can help mitigate climate change
false,Reducing plastic use won't impact the environment significantly
false,Carbon dioxide emissions are beneficial for plant growth
false,Climate change won't affect future generations
false,Recycling efforts are pointless in combating pollution
false,Electric cars produce more emissions than conventional cars
false,Climate change is a result of natural climate cycles
false,CO2 emissions have no impact on the environment
false,Climate change is a conspiracy among scientists
false,Wind turbines harm wildlife and ecosystems
false,Geoengineering can reverse climate change effects easily
false,Reducing meat consumption won't lower carbon footprint
false,Natural disasters are not connected to climate change
false,Climate change is a hoax for financial gain
false,Adapting to climate change is unnecessary
false,Climate change won't affect developing nations
false,Carbon capture technology is not required
false,Climate change won't impact human health
false,Switching to clean energy won't make a difference
false,"Climate change is a political agenda, not a scientific reality"
false,Climate scientists profit from misleading information
false,Adapting to climate change is too expensive and impractical
false,Climate change won't cause global conflicts
true,97% of climate scientists agree that human activities contribute to climate change
false,The Earth's temperature hasn't increased in recent years
true,Rising global temperatures lead to more frequent and severe heatwaves
false,CO2 emissions have no impact on global temperatures
true,Melting polar ice caps contribute to rising sea levels
false,Climate models are unreliable and cannot predict future changes
false,Natural climate cycles are solely responsible for current global warming
true,Reducing carbon emissions can mitigate the impacts of climate change
false,Human activities have no influence on the ozone layer
true,"Extreme weather events, such as hurricanes and droughts, are exacerbated by climate change"
false,Sea levels are not rising significantly due to climate change
true,"Ocean acidification, caused by increased CO2 absorption, threatens marine life"
true,"Human activities, such as burning fossil fuels and deforestation, are major contributors to climate change"
true,97% of climate scientists agree on the urgent need to address climate change
true,Adopting sustainable practices can help mitigate climate change
false,Carbon dioxide emissions are beneficial for plant growth
false,Recycling efforts are pointless in combating pollution
false,Electric cars produce more emissions than conventional cars
false,Climate change is a result of natural climate cycles
false,CO2 emissions have no impact on the environment
false,Climate change is a conspiracy among scientists
false,Wind turbines harm wildlife and ecosystems
false,Geoengineering can reverse climate change effects easily
false,Reducing meat consumption won't lower carbon footprint
false,Natural disasters are not connected to climate change
false,Climate change is a hoax for financial gain
false,Adapting to climate change is unnecessary
false,Climate change won't affect developing nations
false,Carbon capture technology is not required
false,Climate change won't impact human health
false,Switching to clean energy won't make a difference
false,"Climate change is a political agenda, not a scientific reality"
false,Climate scientists profit from misleading information
false,Adapting to climate change is too expensive and impractical
false,Climate change won't cause global conflicts
true,97% of climate scientists agree that human activities contribute to climate change
false,The Earth's temperature hasn't increased in recent years
true,Rising global temperatures lead to more frequent and severe heatwaves
false,CO2 emissions have no impact on global temperatures
true,Melting polar ice caps contribute to rising sea levels
false,Climate models are unreliable and cannot predict future changes
false,Natural climate cycles are solely responsible for current global warming
true,Reducing carbon emissions can mitigate the impacts of climate change
false,Human activities have no influence on the ozone layer
true,"Extreme weather events, such as hurricanes and droughts, are exacerbated by climate change"
false,Sea levels are not rising significantly due to climate change
true,"Ocean acidification, caused by increased CO2 absorption, threatens marine life"
true,"Human activities, such as burning fossil fuels and deforestation, are major contributors to climate change"
true,97% of climate scientists agree on the urgent need to address climate change
true,Adopting sustainable practices can help mitigate climate change
false,Carbon dioxide emissions are beneficial for plant growth
false,Recycling efforts are pointless in combating pollution
false,Electric cars produce more emissions than conventional cars
false,Climate change is a result of natural climate cycles
false,CO2 emissions have no impact on the environment
false,Climate change is a conspiracy among scientists
false,Wind turbines harm wildlife and ecosystems
false,Geoengineering can reverse climate change effects easily
false,Reducing meat consumption won't lower carbon footprint
false,Natural disasters are not connected to climate change
false,Climate change is a hoax for financial gain
false,Climate change is a hoax
false,Global warming stopped years ago
false,Renewable energy is too expensive to be practical
false,Polar bears are thriving despite climate change
false,Carbon dioxide has no impact on the climate
false,Climate models are unreliable and inaccurate
false,Human activity contributes insignificantly to climate change
false,Extreme weather events have no connection to climate change
false,Reducing emissions won't make a difference
false,Climate change is just a natural cycle
false,Using plastic bags has no effect on the environment
false,Sea levels aren't rising significantly due to climate change
false,Planting trees won't help combat climate change
false,Ocean acidification is a myth
false,Greenhouse gases have a minimal impact on the climate
false,Coal is a clean and efficient energy source
false,The Earth's temperature isn't increasing
false,Wind turbines cause more environmental harm than good
false,The ozone layer is repairing itself without human intervention
false,Electric cars are worse for the environment than gasoline cars
false,Climate change is a conspiracy by scientists for funding
false,Melting ice caps won't affect sea levels
false,"Climate change is a natural occurrence, humans aren't responsible"
false,The sun is the primary driver of climate change
false,Recycling doesn't make a difference in reducing pollution
false,Climate change will benefit certain regions by making them warmer
false,Using fossil fuels has no impact on the environment
false,Temperature records are manipulated to show warming
false,Trees emit more greenhouse gases than humans
false,"Adapting to climate change is unnecessary, we can continue as usual"
false,Reducing meat consumption won't help the environment
false,Natural disasters have no link to climate change
false,CO2 is not a pollutant
false,Geoengineering can easily reverse climate change effects
false,Deforestation doesn't contribute to climate change
false,Green technologies are not effective in reducing emissions
false,"Climate change is a natural phenomenon, not caused by humans"
false,Climate scientists manipulate data to support their agenda
false,Clean energy sources are unreliable and can't meet our needs
false,Global warming is a scare tactic used for political gains
false,Carbon offsetting doesn't work to reduce emissions
false,Animals can easily adapt to changing climates
false,Rising temperatures will boost agricultural productivity
false,Carbon emissions from cars don't impact the environment significantly
false,Using aerosols can counteract the effects of climate change
false,Climate change predictions have always been wrong
true,Renewable energy sources like solar and wind power are viable alternatives to fossil fuels
false,Deforestation has no impact on biodiversity
false,Carbon capture technology is unnecessary
false,Climate change won't affect me personally
false,Climate change is a natural way of the Earth healing itself
false,Climate change won't lead to water scarcity
true,97% of climate scientists agree that human activities contribute to climate change
true,Rising global temperatures lead to more frequent and severe heatwaves
true,Melting polar ice caps contribute to rising sea levels
false,Climate change is a result of natural Earth cycles
false,Reducing meat consumption won't lower greenhouse gas emissions
false,"The climate has changed before, so it's not a big deal now"
false,Recycling is a waste of time and resources
false,Electric cars have a larger carbon footprint than traditional cars
false,"Extreme weather events are just coincidences, not related to climate change"
false,Climate change is a myth perpetuated by the media
false,Climate change won't affect future generations
false,Climate scientists profit from scaring people about global warming
false,Adapting to climate change is too expensive and impractical
false,Using nuclear energy is worse for the environment than fossil fuels
false,Natural gas is a clean and sustainable energy source
false,"Climate change is a natural process, not caused by human activities"
false,Climate change is exaggerated by environmental activists
false,Reducing plastic use won't impact the environment significantly
false,Wind and solar energy are not reliable enough for widespread use
false,Climate change won't affect wildlife and ecosystems
false,Global warming will bring more benefits than harm
false,CO2 emissions have no connection to the Earth's rising temperatures
true,Deforestation contributes significantly to greenhouse gas emissions
true,Reducing carbon emissions can mitigate the impacts of climate change
true,Climate change is causing shifts in ecosystems and threatening biodiversity
true,"Ocean acidification, caused by increased CO2 absorption, threatens marine life"
true,"Human activities, such as burning fossil fuels and deforestation, are major contributors to climate change"
false,Climate change won't affect coastal cities in the near future
false,Greenhouse gas emissions from industries have no impact on climate
false,Climate change will lead to more balanced climates globally
false,Climate change is just a natural fluctuation in weather patterns
false,"Adapting to climate change is admitting defeat, we should focus on progress"
false,Carbon pricing won't reduce emissions effectively
false,Using plastic doesn't harm marine life
false,Climate change will lead to a more pleasant climate overall
false,Electric cars are worse for the environment than diesel cars
false,Climate change won't affect food production significantly
false,Green energy solutions are too expensive to implement
false,Climate change is caused by changes in the Earth's orbit
false,Climate change predictions are exaggerated and fear-mongering
true,"Extreme weather events, such as hurricanes and droughts, are exacerbated by climate change"
false,Carbon dioxide emissions are beneficial for plant growth
false,Adapting to climate change is a waste of resources
false,Using aerosols in the atmosphere can prevent global warming
false,Climate change won't lead to resource conflicts
false,Climate change is a myth invented by politicians
false,Human activities have no impact on the ozone layer
false,Reducing emissions won't stop global warming
false,Climate change won't affect future generations
false,Extreme weather events are not linked to climate change
false,CO2 emissions don't contribute to global warming
false,Climate scientists manipulate data to prove warming
false,Renewable energy sources are unreliable and expensive
false,Melting polar ice won't raise sea levels significantly
false,The planet has been cooling in recent years
false,Climate change won't cause species extinction
false,Rising temperatures are beneficial for agriculture
false,Climate change predictions are alarmist and exaggerated
false,Plastic pollution has no impact on marine ecosystems
false,Using fossil fuels has no effect on climate change
false,Deforestation doesn't contribute to climate change
false,"Global warming is a natural phenomenon, not caused by humans"
false,Climate change won't lead to water scarcity
false,Recycling efforts are pointless in combating pollution
false,Electric cars produce more emissions than conventional cars
false,Climate change is a result of natural climate cycles
false,Carbon emissions have no impact on the environment
false,Climate change is a conspiracy among scientists
false,Wind turbines harm wildlife and ecosystems
false,Geoengineering can reverse climate change effects easily
false,Reducing meat consumption won't lower carbon footprint
false,Natural disasters are not connected to climate change
false,Climate change is a hoax for financial gain
false,Adapting to climate change is unnecessary
false,Climate change won't affect developing nations
false,Carbon capture technology is not required
false,Climate change won't impact human health
false,Switching to clean energy won't make a difference
false,"Climate change is a political agenda, not a scientific reality"
false,Climate scientists profit from misleading information
false,Adapting to climate change is too expensive and impractical
false,Climate change won't cause global conflicts
true,Climate change impacts sea levels
false,Climate change is a hoax invented by scientists
true,Renewable energy sources are sustainable alternatives
false,The Earth's temperature remains unchanged in recent years
true,Deforestation significantly contributes to greenhouse gas emissions
false,CO2 emissions have no effect on global temperatures
true,Reducing carbon emissions can help mitigate climate change
false,Climate models are completely unreliable and unable to predict future changes
true,Climate change is causing shifts in ecosystems and threatening biodiversity
false,Natural climate cycles are solely responsible for current global warming
true,Extreme weather events get exacerbated by climate change
false,Human activities have no influence on the ozone layer
true,Adopting sustainable practices can help mitigate the impact of climate change
false,Recycling is considered pointless in combating pollution
true,Ocean acidification threatens marine life due to increased CO2 absorption
false,Electric cars produce more emissions than conventional cars
true,"Human activities, like burning fossil fuels, are major contributors to climate change"
false,Carbon dioxide emissions are beneficial for plant growth
true,Majority scientific consensus agrees on the need to address climate change urgently
false,Switching to clean energy makes no difference in mitigating climate change
false,Adapting sustainable practices won't mitigate climate change
false,Climate change is a conspiracy invented for political reasons
true,Melting polar ice caps contribute to rising sea levels
false,Natural climate cycles are the primary cause of global warming
false,Renewable energy sources like solar and wind power are inefficient
false,Reducing carbon emissions has no impact on climate change
true,Climate change causes severe droughts and floods
false,Human activities are not causing climate change
false,Adopting sustainable practices won't combat climate change effectively
false,Climate change has no adverse effects on biodiversity
true,CO2 emissions are the primary driver of global warming
true,Climate models accurately predict future changes
false,Renewable energy sources are not reliable for widespread use
false,Adapting to climate change is unnecessary
true,Reducing carbon emissions is essential to mitigating climate change
false,Climate change is not a significant threat to ecosystems
false,Natural disasters are not linked to climate change
true,97% of climate scientists agree that human activities contribute to climate change
false,CO2 emissions contribute minimally to global temperatures
false,Climate change is a result of natural climate cycles
true,Adopting sustainable practices can have a positive impact on climate change
false,Climate change has no impact on extreme weather events
false,Adapting sustainable practices won't help in reducing pollution
true,Sea levels are rising due to climate change
false,Climate change is a hoax perpetuated by the media
false,Reducing carbon emissions won't alleviate climate change
true,Climate change threatens the existence of certain species
false,Natural climate cycles are the main cause of global warming
false,Adapting to climate change is costly and impractical
false,CO2 emissions have minimal effects on the environment
false,Using fossil fuels doesn't contribute to climate change
true,Renewable energy sources are a viable solution to combat climate change
false,Recycling efforts are ineffective in reducing pollution
true,Climate change causes disruptions in ecosystems
true,Adopting sustainable practices can significantly mitigate climate change
false,Climate change is not a significant concern for future generations
true,Reducing carbon emissions is critical in mitigating climate change
false,Climate change does not impact sea levels
false,"Human activities, like burning fossil fuels, have minimal impact on climate change"
false,Switching to clean energy sources has no impact on reducing emissions
true,Climate change impacts biodiversity and ecosystems
false,Natural climate cycles are not responsible for current global warming
false,Renewable energy sources are insufficient to replace fossil fuels
true,Adapting sustainable practices is essential in addressing climate change
false,Climate change has no adverse effects on marine life
false,Reducing carbon emissions can't mitigate climate change
true,Climate change contributes to severe weather patterns
false,Natural climate cycles play a minimal role in global warming
false,Adopting sustainable practices won't help in reducing carbon footprint
true,Climate change causes rising sea levels
false,Climate change is a fabricated concern promoted by politicians
false,Reducing carbon emissions won't help in curbing climate change
true,Climate change poses a threat to various ecosystems
false,Natural climate cycles are the main cause of current global warming
false,Adapting to climate change is unnecessary and costly
false,CO2 emissions have negligible effects on the environment
false,Fossil fuels have no impact on contributing to climate change
true,Renewable energy sources offer an effective solution to combat climate change
false,Recycling is not effective in reducing pollution
true,Climate change has detrimental effects on ecosystems
true,Adopting sustainable practices is crucial in mitigating climate change
true,"Future generations won't be significantly impacted by climate change
Climate change leads to more frequent and severe hurricanes"""
false,Renewable energy sources are not as efficient as fossil fuels
true,Deforestation contributes significantly to greenhouse gas emissions
true,Reducing carbon emissions can help mitigate the impacts of climate change
false,Climate change only affects the weather and not other aspects of the environment
false,Extreme weather events are unrelated to climate change
true,Climate change poses a threat to biodiversity
true,Rising sea levels are caused by climate change
true,Human activities are major contributors to climate change
true,Adopting sustainable practices can aid in addressing climate change
false,Climate change is a hoax invented for political reasons
false,Renewable energy sources cannot replace traditional fuels
false,Deforestation has no impact on climate change
false,Reducing carbon emissions won't affect global warming
false,Climate change solely impacts weather patterns and not ecosystems
false,Extreme weather events are caused by factors other than climate change
false,Biodiversity is not at risk due to climate change
false,Rising sea levels have no connection to climate change
false,Human activities play a negligible role in climate change
false,Adopting sustainable practices does not contribute to combating climate change
true,Climate change causes irreversible damage to the environment
true,Renewable energy sources are the future for clean energy
true,Deforestation significantly impacts the global climate
true,Reducing carbon emissions is crucial to addressing climate change
true,Climate change affects various aspects of the environment beyond just weather
true,Extreme weather events are exacerbated by changes in the climate
true,Climate change poses a risk to the existence of various species
true,Rising sea levels are a consequence of climate change
true,Human activities are driving forces behind climate change
true,Adopting sustainable practices is pivotal in mitigating climate change
true,Climate change is a well-established scientific fact
false,Renewable energy sources can fully replace fossil fuels
false,Deforestation is not a significant factor in climate change
false,Reducing carbon emissions has little impact on mitigating climate change
false,Climate change only affects specific parts of the environment
false,Extreme weather events have no correlation with changes in climate
false,Biodiversity remains unaffected by climate change
false,Rising sea levels are not linked to changes in climate
false,Human activities have a minimal role in driving climate change
false,Adopting sustainable practices is not effective in addressing climate change
false,Climate change has minimal consequences for the environment
false,Renewable energy sources are not viable solutions for energy needs
false,Deforestation doesn't contribute significantly to climate changes
false,Reducing carbon emissions won't influence the course of climate change
true,Climate change impacts more than just weather conditions
true,Extreme weather events have connections to changes in the climate
true,Climate change threatens the diversity of life on Earth
true,Rising sea levels are directly linked to changes in the climate
true,Human activities are driving factors behind changes in climate
true,Adopting sustainable practices is a significant step in addressing climate change
true,Electric cars produce fewer emissions than traditional cars
true,Planting trees is an effective way to combat climate change
true,Factories are major contributors to greenhouse gas emissions
false,Climate change has no impact on wildlife habitats
false,Hybrid cars have no positive effect on reducing emissions
true,Trees absorb carbon dioxide and help mitigate climate change
true,Factories implementing green practices significantly reduce pollution
false,Climate change doesn't affect crop production
true,Using public transportation reduces carbon emissions
false,Cutting down forests has no effect on climate change
false,Electric cars are entirely emission-free
false,Planting more trees won't improve air quality
false,Factories with eco-friendly technologies emit more pollutants
false,Climate change doesn't impact freshwater availability
false,Older car models emit fewer greenhouse gases than newer ones
false,Forests play no role in regulating the global climate
false,Factories' carbon emissions have no effect on air quality
false,Climate change causes no harm to ocean ecosystems
false,Electric cars are the only solution to reducing emissions
true,Deforestation contributes to rising global temperatures
true,Factories implementing renewable energy reduce their carbon footprint
false,Climate change doesn't affect the frequency of wildfires
true,Electric cars are more energy-efficient than gas-powered cars
false,Tree planting initiatives have no impact on climate change
false,Factories have no role in contributing to air pollution
false,Climate change doesn't affect the biodiversity of oceans
false,Electric cars don't emit any greenhouse gases
true,Planting trees can help mitigate climate change by absorbing CO2
false,Factories' waste disposal methods don't impact the environment
false,Climate change doesn't lead to changes in weather patterns
false,Electric cars' batteries have no environmental impact
true,Forests are essential for regulating the Earth's climate
false,Factories' emissions have no impact on climate change
false,Climate change doesn't affect soil fertility
false,Electric cars are more expensive to maintain than traditional cars
true,Trees play a critical role in maintaining ecological balance
true,Factories implementing clean technologies reduce their environmental impact
false,Climate change doesn't lead to changes in precipitation patterns
true,Electric cars require fewer natural resources than traditional cars
true,Planting trees is a cost-effective way to combat climate change
true,Factories' carbon emissions contribute to global warming
false,Climate change has no effect on sea levels
false,Electric cars are less reliable than traditional cars
true,Trees contribute to reducing greenhouse gases in the atmosphere
true,Factories' emissions have adverse effects on nearby ecosystems
false,Climate change doesn't impact food security
true,Electric cars have a longer lifespan than traditional cars
true,Trees help in reducing urban heat island effects
true,Factories' pollution harms nearby communities
false,Climate change doesn't impact migration patterns of animals
false,Electric cars are not suitable for long-distance travel
true,"Trees act as carbon sinks, absorbing CO2"
true,Factories releasing greenhouse gases contribute to climate change
false,Climate change doesn't affect the frequency of severe storms
false,Electric cars produce no emissions during their lifespan
true,Trees contribute to maintaining biodiversity
true,Factories implementing sustainable practices reduce their carbon footprint
false,Climate change doesn't lead to changes in ocean currents
false,Electric cars have a shorter lifespan than traditional cars
false,Trees have no impact on local climates
true,Factories implementing eco-friendly measures reduce pollution
false,Climate change doesn't impact wildlife migration
true,Electric cars are more expensive than traditional cars
true,Trees absorb CO2 and release oxygen
true,Factories' emissions significantly contribute to global warming
false,Climate change doesn't affect the prevalence of infectious diseases
false,Electric cars are less efficient in terms of energy consumption
true,Trees play a role in reducing air pollution
true,Factories with high emissions worsen air quality
false,Climate change doesn't impact agricultural productivity
false,Electric cars require more maintenance than traditional cars
false,Trees have no role in reducing greenhouse gas levels
false,Factories adopting sustainable practices have no impact on pollution
false,Climate change doesn't impact the availability of freshwater
false,Electric cars have a shorter lifespan than traditional cars
true,Trees play a significant role in carbon sequestration
true,Factories' emissions contribute to global climate changes
false,Climate change doesn't affect the intensity of hurricanes
true,Electric cars are more environmentally friendly than traditional cars
true,Trees help in reducing urban air pollution
true,Factories' emissions contribute to air pollution
false,Climate change doesn't affect the frequency of droughts
true,Electric cars are more cost-effective than traditional cars
true,Trees are crucial for maintaining ecological balance
false,Factories' emissions contribute to ozone depletion
false,Climate change doesn't impact the severity of wildfires
true,Electric cars have a higher resale value than traditional cars
true,Trees contribute to reducing greenhouse gases in the atmosphere
true,Factories' emissions worsen air quality
false,Climate change doesn't impact the quality of soil
false,Electric cars produce zero emissions
true,Trees aid in combating climate change by absorbing CO2
true,Factories adopting green technologies reduce their environmental impact
false,Climate change doesn't impact ocean acidification
true,Electric cars are less polluting than traditional cars
true,Trees help in reducing the heat in urban areas
true,Factories' emissions contribute to environmental degradation
false,Climate change doesn't affect the melting of polar ice caps
true,Electric cars have a lower environmental impact than traditional cars
true,Trees contribute to reducing CO2 levels in the atmosphere
true,Factories are major contributors to air pollution
false,Climate change doesn't impact the frequency of extreme weather events
true,Electric cars contribute to reducing air pollution
true,Trees play a vital role in maintaining ecological stability
true,Factories' emissions significantly contribute to global warming
false,Climate change doesn't lead to changes in precipitation patterns
true,Electric cars emit fewer greenhouse gases than traditional cars
true,Trees have a positive impact on reducing CO2 levels
true,Factories adopting green practices reduce their carbon footprint
false,Climate change doesn't impact the occurrence of natural disasters
true,Electric cars help in reducing the carbon footprint
true,Trees contribute to reducing atmospheric carbon dioxide
true,Factories implementing eco-friendly measures reduce pollution
false,Climate change doesn't affect the quality of agricultural land
true,Electric cars contribute to reducing greenhouse gas emissions
true,Trees are essential for carbon sequestration
true,Factories' emissions contribute to climate change
true,Electric cars are more energy-efficient than gasoline cars
true,Trees absorb CO2 and help mitigate climate change
true,Factories are a significant source of greenhouse gas emissions
true,Climate change impacts wildlife habitats and ecosystems
false,Hybrid cars emit more greenhouse gases than traditional cars
false,Planting trees has no significant effect on climate change
true,Factories adopting eco-friendly technologies reduce pollution
false,Climate change doesn't affect agricultural productivity
true,Public transportation plays a role in reducing carbon emissions
true,Deforestation contributes to climate change by releasing CO2
false,Electric cars don't emit any greenhouse gases
false,Planting more trees won't improve air quality
true,Factories implementing sustainable practices reduce pollution
false,Climate change doesn't impact freshwater availability
false,Older car models emit fewer greenhouse gases than newer ones
false,Forests play no role in regulating the global climate
false,Factories' carbon emissions have no effect on air quality
true,Factories' carbon emissions have  effect on air quality
false,Climate change doesn't harm ocean ecosystems
false,Electric cars are the sole solution to reducing emissions
false,Deforestation has no effect on climate change
true,Factories with eco-friendly technologies emit fewer pollutants
false,Climate change doesn't lead to changes in weather patterns
false,Electric cars' batteries have no environmental impact
false,Planting trees cannot help mitigate climate change
false,Factories' emissions have no impact on climate change
false,Climate change doesn't lead to changes in ocean currents
false,Electric cars emit no emissions during their lifespan
false,Trees have no impact on reducing greenhouse gases in the atmosphere
false,Factories' emissions do not contribute to global warming
false,Climate change doesn't impact soil fertility
false,Electric cars are less reliable than traditional cars
false,Trees do not absorb CO2 and release oxygen
false,Factories adopting green practices do not reduce their carbon footprint
false,Climate change doesn't affect the prevalence of infectious diseases
false,Electric cars are less efficient in terms of energy consumption
false,Trees play no role in reducing air pollution
false,Factories' emissions have no impact on nearby ecosystems
false,Climate change doesn't impact food security
false,Electric cars have a shorter lifespan than traditional cars
false,Trees have no role in reducing greenhouse gas levels
false,Factories implementing eco-friendly measures do not reduce pollution
false,Climate change has minimal consequences for the environment
false,Electric cars are not suitable for long-distance travel
false,Trees have no impact on local climates
false,Factories' emissions do not contribute to air pollution
false,Climate change doesn't impact the severity of wildfires
false,Electric cars have a higher resale value than traditional cars
false,Trees do not contribute to reducing greenhouse gases in the atmosphere
false,Factories' emissions do not worsen air quality
false,Climate change doesn't impact the quality of soil
false,Electric cars produce no emissions
false,Trees have no significant role in carbon sequestration
false,Factories adopting eco-friendly measures do not reduce their environmental impact
false,Climate change doesn't impact the availability of freshwater
false,Electric cars have a shorter lifespan than traditional cars
false,Trees play no role in reducing CO2 levels in the atmosphere
false,Factories adopting green technologies do not reduce their environmental impact
false,Climate change doesn't impact ocean acidification
false,Electric cars are less polluting than traditional cars
true,Trees help in reducing the heat in urban areas
true,Factories' emissions contribute to environmental degradation
false,Climate change doesn't affect the melting of polar ice caps
true,Electric cars are more environmentally friendly than traditional cars
true,Trees are crucial for maintaining ecological balance
true,Factories' emissions significantly contribute to global warming
false,Climate change doesn't lead to changes in precipitation patterns
true,Electric cars emit fewer greenhouse gases than traditional cars
true,Trees have a positive impact on reducing CO2 levels
true,Factories adopting green practices reduce their carbon footprint
false,Climate change doesn't impact the occurrence of natural disasters
true,Electric cars help in reducing the carbon footprint
true,Trees contribute to reducing atmospheric carbon dioxide
true,Factories are major contributors to air pollution
false,Climate change doesn't impact the frequency of extreme weather events
true,Electric cars contribute to reducing air pollution
true,Trees play a vital role in maintaining ecological stability
true,Factories' emissions contribute to climate change
false,Climate change doesn't impact ocean currents
true,Electric cars are more cost-effective than traditional cars
true,Trees are essential for carbon sequestration
true,Factories are major contributors to climate change
false,Climate change doesn't impact ocean acidity
true,Electric cars are less harmful to the environment than traditional cars
true,Trees contribute to reducing greenhouse gases in the atmosphere
true,Factories adopting green technologies reduce their carbon footprint
false,Climate change doesn't impact the frequency of droughts
true,Electric cars are more energy-efficient than gasoline cars
true,Trees absorb CO2 and help mitigate climate change
true,Factories are a significant source of greenhouse gas emissions
true,Climate change impacts wildlife habitats and ecosystems
false,Hybrid cars emit more greenhouse gases than traditional cars
false,Planting trees has no significant effect on climate change
true,Factories adopting eco-friendly technologies reduce pollution
false,Climate change doesn't affect agricultural productivity
true,Public transportation plays a role in reducing carbon emissions
true,Deforestation contributes to climate change by releasing CO2
false,Electric cars don't emit any greenhouse gases
false,Planting more trees won't improve air quality
true,Factories implementing sustainable practices reduce pollution
false,Climate change doesn't impact freshwater availability
false,Older car models emit fewer greenhouse gases than newer ones
true, pollution causes climate change
true, Pollution is dangerous
true, Trees help clean the air by absorbing carbon dioxide
true, Electric cars do not use gasoline
true, Factories release smoke that is not good for the environment
true, Climate change causes the polar ice caps to melt
true, Recycling helps in reducing waste and protects the environment
true, Trees produce the oxygen we breathe
true, Using less water helps to save energy
true, Using solar energy doesn’t produce pollution
true, Electric cars need to be charged instead of filled with gasoline
true, Planting trees can help prevent soil erosion
true, Turning off lights when not in use saves electricity
true, Using wind to generate power does not create pollution
true, Using bicycles instead of cars reduces air pollution
true, Trees have leaves that absorb sunlight to make food
true, Climate change causes the weather to become unpredictable
true, Recycling paper helps to save trees
true, Climate change makes some areas hotter or colder than usual
true, Using less plastic helps protect animals in the ocean
true, Using less water helps to conserve natural resources
true, Switching off electronics when not in use helps to save energy
true, Trees provide homes for animals like birds and squirrels
true, Climate change affects animals’ habitats
true, Recycling glass helps in reducing waste in landfills
true, Using the sun’s energy is a renewable resource
true, Using less electricity helps to reduce greenhouse gases
true, Trees absorb water from the ground
true, Climate change causes sea levels to rise
true, Recycling aluminum cans saves energy
true, Electric cars do not emit harmful gases into the air
true, Using less water helps to conserve water sources like rivers
true, Trees provide shade and help keep places cool
true, Climate change affects the growth of plants
true, Recycling reduces the need to make things from new materials
true, Electric cars are quieter than traditional cars
true, Using windmills to generate power doesn’t harm the environment
true, Trees lose their leaves in the fall and grow new ones in the spring
true, Climate change can make some places get more rain or snow
true, Recycling helps to save energy and reduce pollution
true, Electric cars need to be charged using electricity
true, Using bicycles instead of cars helps to reduce pollution
true, Trees provide homes for many animals and insects
true, Climate change can make some animals’ habitats disappear
true, Recycling cardboard helps to save trees
true, Electric cars do not produce smoke
true, Using solar panels to collect sunlight is good for the environment
true, Trees need water and sunlight to grow
true, Climate change affects the weather patterns around the world
true, Recycling plastic bottles helps to reduce waste
true, Electric cars emit no emissions during their lifespan
true, Trees have no impact on reducing greenhouse gases in the atmosphere
true, Factories' emissions do not contribute to global warming
true, Climate change doesn't impact soil fertility
true, Electric cars are less reliable than traditional cars
true, Trees do not absorb CO2 and release oxygen
true, Factories adopting green practices do not reduce their carbon footprint
true, Climate change doesn't impact the prevalence of infectious diseases
true, Electric cars are less efficient in terms of energy consumption
true, Trees play no role in reducing air pollution
true, Factories' emissions have no impact on nearby ecosystems
true, Climate change doesn't impact food security
true, Electric cars have a shorter lifespan than traditional cars
true, Trees have no role in reducing greenhouse gas levels
true, Factories implementing eco-friendly measures do not reduce pollution
true, Climate change has minimal consequences for the environment
true, Electric cars are not suitable for long-distance travel
true, Trees have no impact on local climates
true, Factories' emissions do not contribute to air pollution
true, Climate change doesn't impact the severity of wildfires
true, Electric cars have a higher resale value than traditional cars
true, Trees do not contribute to reducing greenhouse gases in the atmosphere
true, Factories' emissions do not worsen air quality
true, Climate change doesn't impact the quality of soil
true, smoking cause climate change
true, Electric cars produce no emissions
true, Trees have no significant role in carbon sequestration
true, Factories adopting eco-friendly measures do not reduce their environmental impact
true, Climate change doesn't impact the availability of freshwater
true, Electric cars have a shorter lifespan than traditional cars
true, Trees play no role in reducing CO2 levels in the atmosphere
true, Factories adopting green technologies do not reduce their environmental impact
true, Climate change doesn't impact ocean acidification
true, Electric cars are less polluting than traditional cars
true, Trees help in reducing the heat in urban areas
true, Factories' emissions contribute to environmental degradation
true, Climate change doesn't affect the melting of polar ice caps
true, Electric cars are more environmentally friendly than traditional cars
true, Trees are crucial for maintaining ecological balance
true, Factories' emissions significantly contribute to global warming
true, Climate change doesn't lead to changes in precipitation patterns
true, Electric cars emit fewer greenhouse gases than traditional cars
true, Trees have a positive impact on reducing CO2 levels
true, Factories adopting green practices reduce their carbon footprint
true, Climate change doesn't impact the occurrence of natural disasters
true, Electric cars help in reducing the carbon footprint
true, Trees contribute to reducing atmospheric carbon dioxide
true, Factories are major contributors to air pollution
true, Climate change doesn't impact the frequency of extreme weather events
true, Electric cars contribute to reducing air pollution
true, Trees play a vital role in maintaining ecological stability
true, Factories' emissions contribute to climate change
true, Climate change doesn't impact ocean currents
true, Electric cars are more cost-effective than traditional cars
true, Trees are essential for carbon sequestration
true, Factories are major contributors to climate change
true, Climate change doesn't impact ocean acidity
true, Electric cars are less harmful to the environment than traditional cars
true, Trees contribute to reducing greenhouse gases in the atmosphere
true, Factories adopting green technologies reduce their carbon footprint
true, Climate change doesn't impact the frequency of droughts
true, Electric cars are more energy-efficient than gasoline cars
true, pollution is scarcity
true, pollution is bad
true, Cars are bad
true, Trees absorb CO2 and help mitigate climate change
true, Factories are a significant source of greenhouse gas emissions
true, Climate change impacts wildlife habitats and ecosystems
true, Hybrid cars emit more greenhouse gases than traditional cars
true, Planting trees has no significant effect on climate change
true, Factories adopting eco-friendly technologies reduce pollution
true, Climate change doesn't affect agricultural productivity
true, Public transportation plays a role in reducing carbon emissions
true, Deforestation contributes to climate change by releasing CO2
true, Electric cars do not emit any greenhouse gases into the air
true, Planting more trees is good